#{"t_start": 1771510861.7328315, "env_id": "SpaceInvadersNoFrameskip-v4"}
r,l,t
410.0,3545,2.036912
60.0,1045,2.275135
65.0,1217,2.459135
80.0,1647,2.708138
30.0,1399,2.924173
45.0,1125,3.097145
105.0,1161,3.274153
60.0,1855,3.554145
115.0,2363,3.915871
50.0,1427,4.131648
30.0,1489,4.360648
180.0,2237,4.695262
180.0,2079,5.009262
75.0,1249,5.200283
125.0,2645,5.596725
105.0,2037,5.901724
65.0,1633,6.149728
110.0,1643,6.397727
50.0,1189,6.579728
180.0,2129,6.902165
530.0,3393,7.409806
210.0,1915,7.698306
155.0,2035,8.008311
110.0,1971,8.305768
120.0,2101,8.623771
105.0,2073,8.937772
135.0,1991,9.24228
230.0,2705,9.640702
135.0,2057,9.945702
315.0,3501,10.460702
105.0,1923,10.747211
30.0,1091,10.911733
210.0,2403,11.272733
180.0,2311,11.616939
545.0,3727,12.162941
120.0,2139,12.487395
435.0,4081,13.085825
40.0,1147,13.259824
105.0,1899,13.544763
170.0,2485,13.912325
265.0,2729,14.325325
105.0,1885,14.607923
195.0,2741,15.014648
120.0,1553,15.249652
80.0,1399,15.457648
155.0,2213,15.788041
135.0,1871,16.068041
180.0,2169,16.395558
205.0,3349,16.886559
55.0,1159,20.744524
105.0,1611,20.987524
175.0,3717,21.541974
125.0,2037,21.854715
225.0,3229,22.343466
210.0,2149,22.664463
45.0,1765,22.932465
315.0,3181,23.403163
20.0,1445,23.623162
155.0,1909,23.914163
140.0,2977,24.366832
80.0,1525,24.596326
110.0,2127,24.91533
255.0,2483,25.294327
185.0,2039,25.603328
105.0,1507,25.83533
115.0,2391,26.19554
155.0,1873,26.478215
285.0,2637,26.876046
440.0,2379,27.228045
140.0,2411,27.597805
150.0,2475,27.97282
145.0,2619,28.366705
210.0,2197,28.70021
155.0,1881,28.983211
155.0,2321,29.338211
540.0,4733,30.03307
215.0,1851,30.317069
135.0,1981,30.620241
135.0,1169,30.800241
135.0,1929,31.09724
450.0,3713,31.658669
105.0,1943,31.96067
225.0,2503,32.344669
225.0,2643,32.741542
45.0,1707,33.009545
110.0,1601,33.253543
105.0,1929,33.546542
120.0,2099,33.863542
90.0,1735,34.125285
120.0,1207,34.309286
80.0,1747,34.573008
105.0,2349,34.927511
155.0,2327,35.27684
35.0,1119,35.449607
210.0,2877,35.885603
260.0,3707,40.389014
180.0,2105,40.707272
80.0,1253,40.900698
45.0,1427,41.124125
45.0,1149,41.301374
80.0,1855,41.584982
100.0,1177,41.766011
75.0,1575,42.005012
110.0,1613,42.250011
210.0,2197,42.582451
30.0,1077,42.747317
60.0,2475,43.126317
105.0,1679,43.383982
165.0,2509,43.766397
215.0,2339,44.121401
330.0,3297,44.626397
150.0,2013,44.932399
80.0,2107,45.263184
245.0,2839,45.696101
135.0,2187,46.034105
50.0,1181,46.216667
100.0,1255,46.414667
135.0,2005,46.719664
110.0,2187,47.059668
135.0,1489,47.310184
120.0,1463,47.541698
45.0,1289,47.736458
195.0,2187,48.068459
50.0,1397,48.283458
55.0,1153,48.456455
75.0,1185,48.637455
130.0,1583,48.877455
125.0,2117,49.194562
80.0,1479,49.418563
120.0,1925,49.716238
35.0,1931,50.010237
255.0,2689,50.409362
80.0,1805,50.684361
105.0,1691,50.941952
35.0,1677,51.196951
85.0,1755,51.461658
110.0,2341,51.815423
180.0,2279,52.159423
90.0,1923,52.452101
150.0,1943,52.744099
60.0,1685,53.003102
245.0,2885,53.438834
300.0,2597,53.830903
105.0,1893,54.123119
55.0,1347,54.327115
185.0,1961,54.622827
90.0,1165,54.798826
90.0,1501,55.030831
65.0,1501,55.262629
105.0,1197,55.44386
110.0,1757,59.790342
120.0,1873,60.072147
155.0,1867,60.359655
125.0,1805,60.634655
180.0,1649,60.887365
210.0,3659,61.439365
235.0,2817,61.868364
35.0,1859,62.158364
110.0,1983,62.467189
335.0,2613,62.873674
95.0,1651,63.1274
100.0,1487,63.357401
80.0,1747,63.627756
300.0,3063,64.089753
125.0,1991,64.389752
135.0,1915,64.677691
155.0,2325,65.033689
65.0,1385,65.244425
250.0,2891,65.680538
280.0,3167,66.157535
55.0,1181,66.338535
490.0,3897,66.92266
115.0,1907,67.214379
210.0,2009,67.517378
520.0,4079,68.123756
160.0,2261,68.476496
395.0,3727,69.024813
200.0,2697,69.429813
85.0,1485,69.656558
45.0,1823,69.934557
75.0,1665,70.186034
135.0,1707,70.44503
100.0,2049,70.75203
80.0,1141,70.92578
265.0,3149,71.398782
100.0,1197,71.582368
415.0,3323,72.080368
135.0,2109,72.403093
245.0,3471,72.9266
390.0,3851,73.501815
205.0,2493,73.880814
210.0,2793,74.302812
30.0,1487,74.531627
105.0,1913,74.828628
165.0,1933,75.124625
145.0,1969,81.678067
35.0,1851,82.84679
285.0,5251,85.3749
15.0,2721,86.706082
45.0,2037,87.723941
75.0,2029,88.783236
155.0,2069,89.849235
90.0,2879,91.382956
245.0,3589,93.308716
525.0,3875,95.552168
120.0,1563,96.46753
180.0,2587,97.778033
210.0,2991,99.315619
110.0,2769,100.712482
240.0,4265,102.897579
70.0,2865,104.563057
140.0,2269,105.828538
695.0,3881,108.395629
35.0,2001,109.574854
195.0,2855,111.201954
170.0,3771,113.181812
155.0,1845,114.168193
25.0,1869,115.154638
80.0,2075,116.266916
25.0,1175,116.887418
100.0,1281,117.600726
205.0,2835,119.686138
190.0,1979,120.826182
105.0,1695,121.629115
120.0,2023,122.627845
175.0,3807,124.56627
165.0,2915,126.111296
150.0,2509,127.377382
105.0,2041,128.439511
215.0,3689,130.759132
75.0,2757,132.09828
70.0,2069,133.162627
110.0,1455,133.913409
230.0,3415,135.644716
335.0,2351,144.386971
570.0,6675,147.942831
240.0,3747,149.815316
225.0,3644,151.672153
105.0,1399,152.392153
135.0,1875,153.387927
280.0,2923,155.023951
175.0,1881,156.244386
695.0,4739,158.661124
65.0,1483,159.428691
150.0,2065,160.500483
210.0,2603,161.876892
335.0,3678,163.779873
235.0,3571,165.752215
55.0,1901,166.795126
210.0,3153,168.785642
95.0,1999,169.904855
255.0,2971,171.325137
460.0,2953,172.759151
240.0,2173,173.844193
220.0,2241,175.040402
200.0,3277,176.742258
225.0,2839,178.436073
565.0,4958,181.095729
395.0,3971,183.063441
270.0,2955,184.551557
225.0,2445,185.761923
300.0,3659,187.605585
115.0,1907,188.580188
145.0,2879,190.066551
130.0,1955,191.093058
235.0,3123,193.061679
205.0,2105,194.03341
335.0,3115,195.492398
510.0,3219,200.875643
105.0,1183,201.685029
100.0,1905,202.88021
370.0,2151,203.922466
105.0,1645,204.697081
270.0,4053,206.641234
35.0,1157,207.202074
230.0,3193,208.795385
160.0,2499,210.091613
245.0,2405,211.340237
265.0,2001,212.376236
400.0,3837,214.374724
360.0,2855,215.880081
80.0,1281,216.541489
240.0,2235,217.708389
600.0,4139,220.161146
475.0,3781,221.914673
100.0,1971,222.848018
210.0,2561,224.093248
240.0,2429,225.277963
200.0,2465,226.5128
415.0,2775,227.927452
135.0,2161,229.030492
235.0,2463,230.484584
335.0,3419,232.321242
230.0,2433,233.453502
125.0,2797,234.79944
180.0,2283,235.903844
165.0,2037,236.911429
95.0,1579,237.697207
535.0,3449,239.452002
170.0,1949,240.451734
410.0,2977,242.322438
215.0,3197,243.833121
205.0,1961,244.758418
325.0,4057,246.696806
255.0,2543,247.941465
500.0,3569,249.72998
315.0,3197,251.362847
265.0,2895,253.098368
170.0,2109,257.341112
500.0,5109,259.937279
125.0,1971,260.863002
520.0,3171,262.382224
175.0,2123,263.422007
295.0,4771,265.818623
185.0,2837,267.273809
345.0,2787,268.889977
340.0,3263,270.689433
490.0,4637,272.845449
295.0,3601,274.579152
370.0,3249,276.181854
285.0,2711,277.54598
265.0,2301,278.712723
205.0,2039,279.768656
215.0,2045,281.022079
255.0,3267,282.74162
165.0,1991,283.667866
175.0,1827,284.534866
160.0,1997,285.494591
180.0,1903,286.425923
130.0,1169,287.000923
510.0,2935,288.472137
120.0,2055,289.519158
150.0,2017,290.555382
170.0,2025,291.80272
355.0,3533,293.700429
255.0,2941,295.074496
165.0,2099,296.070904
275.0,3197,297.62234
395.0,2835,299.026277
180.0,1873,299.966054
95.0,1529,300.737524
145.0,1783,301.652318
405.0,3215,303.438163
145.0,2239,304.756261
75.0,1563,305.488985
160.0,2049,306.45922
120.0,2201,307.519517
190.0,1889,311.381336
140.0,2043,312.674598
195.0,2737,313.94486
95.0,2025,314.895569
95.0,1177,315.456469
170.0,2001,316.422872
355.0,3423,318.113562
255.0,2709,319.478379
245.0,2555,320.768611
200.0,1855,321.726972
155.0,2089,322.811972
405.0,4175,324.991892
120.0,2069,326.073951
170.0,1997,327.474043
150.0,2357,328.826725
470.0,3495,330.460328
265.0,2853,331.824124
110.0,1509,332.558379
80.0,1533,333.308619
125.0,1997,334.300685
105.0,1813,335.216137
150.0,2381,336.432628
175.0,1761,337.341345
175.0,2411,338.593612
265.0,3321,340.327424
145.0,1645,341.32668
440.0,2433,342.692059
270.0,3327,344.24229
300.0,3337,345.839485
200.0,2495,347.067169
155.0,1677,347.899259
295.0,2505,349.159963
170.0,4243,351.332652
70.0,2009,352.379361
350.0,3423,354.173549
125.0,2045,355.319424
255.0,2403,356.792137
155.0,1767,357.61266
235.0,2897,359.019798
210.0,3009,360.550501
220.0,2465,361.812988
160.0,1935,362.796414
130.0,1663,368.271648
225.0,2343,369.799088
395.0,3355,371.702072
430.0,2291,372.831729
105.0,1491,373.578144
55.0,1583,374.364869
470.0,3658,376.200576
510.0,5505,379.06885
210.0,2585,380.541576
395.0,2967,382.371416
310.0,2617,383.641917
245.0,2471,384.954339
120.0,1695,385.783648
235.0,2359,386.979321
180.0,1941,387.978768
575.0,3633,389.897964
130.0,1819,391.078662
190.0,2091,392.416504
115.0,1183,392.995264
265.0,2423,394.226658
260.0,3101,395.801023
120.0,3627,397.616701
150.0,2031,398.653816
100.0,1891,399.651493
195.0,2049,400.725928
50.0,1175,401.344671
140.0,1927,402.516409
175.0,2413,403.99462
160.0,2109,405.002152
430.0,4651,407.260873
190.0,2093,408.322531
105.0,1919,409.31309
120.0,2101,410.397314
145.0,1973,411.425918
375.0,2957,412.969388
225.0,3051,414.897451
50.0,1211,415.585452
240.0,2693,416.853214
140.0,2091,417.847769
360.0,3365,419.505464
185.0,3949,421.490912
205.0,2391,426.5122
115.0,1791,427.678439
80.0,1217,428.376154
200.0,3243,429.986295
335.0,3205,431.871326
775.0,5819,434.917674
260.0,2751,436.345734
250.0,2459,437.662218
95.0,1071,438.316302
270.0,2381,440.135942
200.0,2191,441.428215
225.0,2177,442.463638
215.0,2075,443.649793
110.0,1991,444.788763
120.0,1883,445.890695
115.0,1367,446.741863
125.0,1983,448.228936
220.0,1675,449.454619
355.0,3173,451.727652
320.0,3905,454.410567
290.0,3047,456.479295
235.0,1711,457.670139
315.0,4101,459.704286
295.0,2521,460.946401
165.0,1753,461.830548
120.0,2023,462.85205
155.0,1683,463.71566
230.0,2375,465.119725
320.0,2835,467.042597
305.0,2457,468.456084
245.0,2469,469.708878
370.0,2745,471.235553
180.0,2577,472.748619
230.0,2357,474.031411
420.0,3795,476.05385
110.0,2151,477.340227
95.0,1167,478.167817
200.0,2931,480.099172
180.0,1617,480.936953
210.0,2601,482.27742
105.0,1879,483.215349
210.0,2507,484.479258
180.0,2445,490.300546
155.0,1971,491.465923
155.0,1945,492.387065
80.0,1113,492.913473
255.0,3025,494.370457
395.0,3349,496.072017
240.0,4225,498.282177
105.0,1201,498.895687
220.0,2415,500.162967
425.0,2437,501.825297
360.0,3187,503.413787
215.0,2601,504.710704
210.0,2441,505.932418
220.0,3089,507.534159
515.0,3627,509.409119
155.0,1909,510.567266
160.0,2431,512.011165
230.0,2371,513.125308
445.0,3415,514.777863
420.0,3111,516.345195
290.0,3311,518.026017
300.0,2885,519.506672
275.0,3441,521.360169
295.0,4131,523.755283
65.0,1111,524.270527
290.0,3051,525.737998
105.0,1463,526.46472
215.0,2609,527.77632
420.0,4511,530.163955
535.0,3242,531.906152
115.0,1983,533.238252
220.0,3111,534.766249
210.0,2885,536.272778
185.0,2931,537.706175
125.0,2421,538.929826
600.0,4157,541.051812
325.0,3573,547.193966
720.0,3217,549.289265
190.0,2411,550.458177
625.0,3523,552.229915
195.0,2275,553.346516
120.0,1377,554.042935
280.0,2575,555.345963
235.0,2439,556.620002
405.0,2445,557.934203
115.0,1785,559.088416
455.0,3587,560.988217
150.0,2061,561.967438
210.0,2747,563.302908
250.0,2655,564.615337
155.0,2027,565.645469
205.0,2675,567.014004
870.0,6243,570.514369
270.0,2161,571.667026
460.0,2729,572.983582
265.0,2421,574.151819
140.0,2011,575.135326
455.0,4307,577.300623
390.0,3924,579.32765
225.0,2601,581.011206
540.0,4567,583.37831
250.0,2301,584.577113
275.0,3245,586.221048
360.0,3265,587.886362
190.0,2037,588.933703
220.0,2401,590.530597
80.0,1307,591.390493
305.0,2925,592.959014
490.0,5109,595.416423
210.0,1947,596.371975
125.0,1565,597.148191
415.0,3517,598.9179
655.0,4077,606.358157
130.0,1785,607.48656
650.0,5687,610.266078
235.0,2381,611.433797
320.0,2987,612.919261
425.0,4069,615.005299
415.0,2421,616.25175
280.0,2357,617.585308
170.0,1969,618.839345
270.0,2637,620.232725
245.0,2241,621.302036
470.0,3093,622.811105
210.0,2017,623.808524
220.0,2559,625.096779
150.0,2861,626.558488
215.0,2341,627.780104
205.0,3123,629.757867
245.0,2395,630.916867
190.0,1951,631.855312
470.0,3839,633.757552
280.0,3193,635.351276
200.0,2081,636.430811
145.0,2077,637.507745
370.0,3289,639.356063
215.0,1921,640.566907
135.0,1791,641.500314
230.0,2287,642.581235
110.0,1095,643.103423
190.0,1905,644.028285
330.0,3377,645.709003
190.0,1957,646.695485
280.0,2021,647.731951
160.0,1959,648.745631
215.0,2457,650.156349
225.0,2309,651.650104
560.0,2795,653.117382
210.0,1835,653.98189
605.0,4001,655.932401
585.0,2803,657.352947
95.0,1549,658.132929
620.0,3389,663.5078
310.0,3407,665.324837
245.0,3279,666.908109
245.0,2531,668.146507
510.0,4101,670.188396
175.0,1923,671.162848
90.0,1313,671.847054
255.0,2489,673.215135
225.0,3065,675.102209
230.0,2255,676.160333
330.0,3213,677.696902
370.0,2647,678.985496
555.0,4071,681.011732
940.0,6001,684.063453
285.0,3237,685.965307
195.0,2139,687.259428
205.0,1893,688.146418
520.0,4565,690.311886
260.0,1945,691.282993
340.0,3599,693.077495
330.0,2888,694.546071
75.0,1093,695.114415
265.0,2615,696.673516
260.0,2463,698.097576
120.0,1909,699.003644
205.0,2019,699.956393
535.0,3193,701.516476
45.0,1525,702.265045
125.0,1871,703.211052
400.0,2831,704.644747
350.0,3019,706.206401
150.0,2237,707.448806
500.0,3907,709.72077
360.0,2977,711.126212
240.0,3071,712.621438
300.0,2303,713.753786
240.0,1751,719.525928
335.0,3105,721.675807
475.0,3625,723.728054
70.0,1521,724.434847
120.0,1949,725.376801
115.0,1473,726.092801
260.0,2367,727.263342
95.0,1147,727.825341
295.0,3021,729.352379
305.0,2411,730.63884
265.0,2273,732.105363
280.0,3129,733.788749
140.0,1949,734.708243
255.0,2307,735.830905
265.0,2617,737.121703
225.0,1937,738.08312
285.0,2759,739.492205
215.0,1923,740.479216
245.0,3569,742.602065
200.0,1877,743.924556
145.0,2031,744.985276
160.0,2351,746.093077
315.0,3187,747.632139
130.0,1861,748.554453
280.0,2517,749.810607
435.0,3299,751.495473
175.0,2309,752.871633
555.0,3453,754.816261
570.0,3383,756.415607
190.0,2047,757.414737
85.0,1161,757.978676
100.0,1473,758.719427
155.0,3247,760.362725
300.0,2557,761.694718
435.0,2503,763.076234
140.0,1943,764.410011
495.0,2543,766.071204
115.0,1435,766.826746
465.0,3052,768.288293
150.0,1501,769.024026
135.0,2071,770.051491
150.0,1969,771.043922
220.0,2283,772.199728
75.0,1171,772.792728
195.0,2125,777.381272
190.0,2363,778.898045
125.0,1439,779.673928
55.0,1357,780.30863
150.0,1803,781.159315
175.0,2231,782.259173
250.0,2841,783.662243
245.0,2119,784.723472
190.0,2045,785.765199
185.0,2187,786.896376
120.0,1491,787.675376
325.0,2415,789.143616
190.0,2231,790.431425
205.0,2717,791.724122
465.0,3269,793.306304
545.0,5183,795.932302
685.0,3843,798.050084
205.0,1997,799.289659
220.0,2035,800.551019
65.0,1611,801.315784
415.0,2535,802.503502
315.0,3055,803.990091
155.0,1803,804.876836
220.0,2217,805.990037
260.0,3480,807.777771
140.0,1895,808.760082
195.0,2125,810.057464
550.0,2675,811.587986
320.0,2713,812.872704
440.0,2887,814.262707
145.0,1549,815.026707
210.0,1993,816.009147
40.0,1765,816.902864
465.0,3725,818.794616
85.0,1629,819.639579
255.0,3009,821.385529
80.0,1913,822.568154
200.0,2515,823.743102
165.0,1651,824.532875
165.0,2361,825.67012
105.0,1727,826.544992
345.0,2465,827.789501
55.0,1397,828.566063
90.0,1449,829.302457
60.0,1287,830.007026
65.0,1357,834.643157
490.0,4215,837.055907
435.0,2613,838.287251
225.0,2669,839.596161
125.0,2061,840.60958
380.0,3319,842.271182
275.0,2571,843.579727
440.0,2765,844.995955
290.0,2421,846.40636
180.0,2067,847.701021
160.0,1471,848.380514
230.0,2279,849.44904
80.0,1557,850.204206
260.0,2237,851.291607
425.0,3327,852.953138
215.0,2329,854.134376
100.0,1441,854.883147
235.0,2203,856.03132
225.0,2099,857.14532
295.0,2631,858.823708
175.0,1519,859.588708
290.0,2821,860.924942
55.0,1163,861.485942
130.0,1467,862.202338
240.0,1991,863.17396
290.0,3383,864.856819
160.0,1663,865.706531
345.0,2775,867.14728
180.0,2025,868.20428
225.0,1963,869.419442
135.0,2115,870.672286
300.0,2783,871.977258
130.0,1585,872.736174
115.0,1575,873.498286
650.0,4405,875.671261
155.0,2001,876.683499
320.0,2877,878.163043
350.0,2929,879.686601
290.0,2918,881.531425
600.0,4021,883.642502
60.0,1595,884.473502
220.0,2323,885.677767
155.0,2069,886.706174
185.0,2075,891.947396
325.0,3195,893.772107
295.0,2447,894.919244
135.0,1953,895.857945
90.0,1483,896.58264
125.0,1589,897.351947
310.0,2701,898.709161
110.0,1443,899.43716
80.0,1139,900.006869
270.0,2001,901.043692
155.0,1455,901.819691
240.0,3284,903.876762
350.0,2933,905.257697
225.0,2217,906.314697
135.0,1525,907.06907
625.0,3897,908.995093
425.0,3201,910.602226
200.0,2597,911.948786
320.0,2187,913.382427
285.0,2607,915.081129
215.0,2197,916.116512
340.0,2869,917.492959
340.0,2663,918.789839
275.0,2331,920.001507
485.0,2795,921.413748
370.0,3179,923.05175
370.0,2047,924.229218
205.0,2485,925.756631
525.0,3641,927.455364
70.0,1469,928.171738
410.0,2821,929.551579
225.0,2521,930.807542
345.0,2099,931.866229
200.0,2061,932.928789
80.0,1529,933.733566
495.0,2993,935.51413
305.0,2907,937.176259
365.0,5093,939.599067
110.0,1215,940.184067
265.0,2295,941.321301
225.0,1549,942.090619
195.0,2797,943.530431
335.0,3321,949.671326
325.0,2867,951.273833
545.0,3339,952.849997
205.0,2095,953.863323
245.0,1577,954.624732
475.0,4373,956.790448
330.0,3023,958.334583
225.0,2069,959.513073
245.0,2683,961.167055
190.0,1819,962.030751
270.0,2765,963.332894
765.0,3753,965.169793
485.0,3963,967.159471
240.0,2279,968.325391
365.0,2703,969.714706
170.0,2177,970.971719
195.0,1961,972.221581
370.0,3293,973.918115
115.0,1875,974.808283
95.0,1063,975.314284
340.0,2789,976.665688
345.0,2937,978.130013
390.0,2939,979.63263
115.0,1547,980.431365
225.0,2203,981.680563
405.0,3001,983.554646
630.0,4275,985.56793
140.0,1883,986.46893
500.0,3725,988.34062
370.0,4449,990.593506
175.0,1949,991.797451
205.0,2123,993.190939
345.0,2765,994.697236
345.0,3143,996.184663
150.0,1795,997.06514
225.0,2533,998.314504
325.0,2727,999.685939
100.0,1275,1000.335263
725.0,4041,1008.350421
205.0,2711,1009.897155
720.0,3521,1011.560937
455.0,3311,1013.169324
210.0,2077,1014.19873
280.0,1969,1015.184435
180.0,1717,1016.053838
190.0,2369,1017.268677
340.0,2935,1019.026707
230.0,2127,1020.239859
135.0,1699,1021.047728
320.0,2389,1022.206366
175.0,1611,1022.980798
20.0,1339,1023.651111
135.0,1515,1024.392651
180.0,2159,1025.477255
590.0,3807,1027.429048
420.0,3177,1029.066851
195.0,1709,1030.147867
580.0,3936,1032.249046
155.0,2035,1033.221737
560.0,3899,1035.117916
770.0,4065,1037.145119
535.0,3459,1038.91344
140.0,1581,1039.731113
295.0,3625,1041.873542
255.0,2183,1043.133967
445.0,3179,1044.660873
110.0,1821,1045.528873
545.0,3089,1047.038286
510.0,2683,1048.374494
180.0,2647,1049.723543
510.0,2869,1051.19381
155.0,1509,1051.97681
385.0,3255,1054.049345
315.0,3069,1055.503444
160.0,2331,1056.620002
445.0,3899,1058.530667
405.0,2597,1064.453428
365.0,3307,1066.608513
350.0,2531,1067.812241
290.0,2605,1069.06212
290.0,2947,1070.556555
215.0,2101,1071.763273
235.0,2213,1072.988061
105.0,1495,1073.74749
605.0,2935,1075.408304
230.0,2039,1076.697695
80.0,1541,1077.454437
520.0,2913,1078.829288
280.0,2689,1080.126202
210.0,1759,1080.98522
140.0,1553,1081.76322
155.0,2813,1083.214277
505.0,3087,1084.795003
415.0,2673,1086.349126
300.0,2439,1087.824893
215.0,2133,1088.825891
355.0,3207,1090.357618
495.0,2817,1091.746274
150.0,1873,1092.679011
625.0,2723,1094.069411
300.0,2489,1095.347196
290.0,2521,1096.649206
130.0,1111,1097.295206
210.0,2119,1098.655884
75.0,1723,1099.608299
200.0,1527,1100.333294
225.0,1761,1101.196095
300.0,2407,1102.373256
280.0,2759,1103.743189
270.0,2703,1105.094167
600.0,3755,1106.977189
200.0,1947,1107.992696
445.0,3491,1110.139209
340.0,2941,1111.528047
190.0,1669,1112.313714
470.0,2903,1113.73288
500.0,3481,1115.43795
475.0,3471,1117.193832
505.0,3349,1124.832959
355.0,2993,1126.332913
125.0,1891,1127.224644
310.0,2535,1128.451562
555.0,4091,1130.457454
410.0,3627,1132.301218
270.0,2517,1133.883206
280.0,2483,1135.469711
390.0,4505,1137.62365
145.0,2031,1138.605084
225.0,3065,1140.119857
350.0,3503,1141.878909
470.0,4195,1144.023606
545.0,4035,1146.38079
205.0,2503,1147.665985
210.0,1413,1148.326386
280.0,3061,1149.801569
215.0,2193,1150.882792
395.0,3285,1152.508754
160.0,1821,1153.447185
415.0,2839,1154.912151
350.0,3189,1156.896214
375.0,2982,1158.378664
260.0,2541,1159.603648
190.0,2059,1160.605047
320.0,3607,1162.551634
250.0,2717,1164.055754
255.0,2381,1165.324981
235.0,3009,1167.246822
275.0,2539,1168.477444
190.0,1803,1169.336191
295.0,3216,1170.93768
180.0,1975,1171.926479
565.0,3151,1173.509209
70.0,1589,1174.340653
270.0,2529,1175.656375
450.0,4427,1183.976939
290.0,2579,1185.187376
290.0,2778,1186.527444
370.0,2915,1187.988087
250.0,2141,1189.059747
300.0,3157,1190.657059
370.0,2881,1192.199689
565.0,2945,1194.169118
590.0,3351,1195.971675
190.0,2477,1197.14342
325.0,2935,1198.577418
260.0,2043,1199.600537
345.0,2843,1201.038203
195.0,2945,1202.569983
110.0,1963,1203.589759
350.0,3033,1205.494934
475.0,3871,1207.418073
200.0,3197,1208.975048
285.0,2543,1210.225524
500.0,3817,1212.133329
390.0,2645,1213.558604
185.0,1657,1214.612364
335.0,2209,1216.052339
325.0,2561,1217.392448
100.0,1321,1218.020447
265.0,2615,1219.28332
200.0,1921,1220.216449
480.0,3115,1221.820012
485.0,3299,1223.498864
130.0,1877,1224.479566
605.0,3727,1226.526922
245.0,2565,1228.116032
145.0,2125,1229.123359
800.0,4821,1231.429992
195.0,1943,1232.385369
85.0,1143,1232.940114
65.0,1395,1233.661104
100.0,1509,1234.422104
555.0,4279,1240.271855
690.0,3377,1241.934488
70.0,1089,1242.446488
540.0,3775,1244.314298
410.0,3527,1246.06437
335.0,2975,1247.627093
150.0,1443,1248.372556
200.0,1997,1249.426044
180.0,1925,1250.671949
330.0,3193,1252.405982
85.0,1417,1253.069039
600.0,3709,1254.854625
275.0,2599,1256.138408
360.0,2233,1257.253989
345.0,2607,1258.587883
490.0,3849,1260.564489
30.0,1479,1261.495298
275.0,3171,1263.370242
220.0,2195,1264.405146
390.0,3080,1265.887515
510.0,4191,1267.953846
385.0,3073,1269.506265
390.0,3407,1271.249779
355.0,3227,1273.114703
395.0,2723,1274.711853
570.0,4995,1277.065043
380.0,3275,1278.670648
405.0,3511,1280.429305
390.0,3445,1282.181715
620.0,3419,1284.068414
290.0,3017,1285.861917
580.0,3589,1287.548545
775.0,4149,1289.541549
330.0,2685,1290.87159
620.0,3711,1297.979311
200.0,2177,1298.996771
80.0,1751,1299.830224
485.0,3989,1301.768187
190.0,2045,1302.785916
745.0,4001,1304.801195
645.0,3755,1306.730195
355.0,3873,1309.119273
270.0,2103,1310.118339
370.0,2875,1311.491514
535.0,3075,1312.994739
220.0,2373,1314.189731
365.0,2697,1315.55445
410.0,3189,1317.189013
555.0,4095,1319.538169
545.0,3941,1321.715801
340.0,3225,1323.361581
485.0,4045,1325.366003
340.0,2909,1326.851359
350.0,2482,1328.136838
175.0,1591,1328.973081
340.0,3291,1331.084522
300.0,2533,1332.601033
270.0,2511,1333.840242
225.0,2649,1335.142519
430.0,3844,1337.03861
325.0,2905,1338.518093
595.0,3719,1340.581879
145.0,1885,1341.770304
480.0,3405,1343.405026
385.0,2598,1344.671345
500.0,4591,1346.922892
370.0,2903,1348.382804
500.0,3785,1355.470056
160.0,2851,1356.83176
485.0,3603,1358.553327
300.0,2969,1360.005826
145.0,2417,1361.229774
360.0,2958,1362.754421
425.0,2615,1364.308334
465.0,3661,1366.274267
310.0,2531,1367.477214
295.0,2915,1368.891927
345.0,2243,1369.998476
425.0,3871,1371.942824
325.0,2603,1373.280469
310.0,2627,1374.643881
580.0,2605,1376.312319
305.0,2667,1377.659268
430.0,2743,1378.951483
75.0,1435,1379.643778
420.0,2763,1380.996483
125.0,1965,1381.976227
455.0,4107,1384.084719
520.0,4289,1386.466974
535.0,3991,1389.081528
310.0,2412,1390.228426
580.0,4213,1392.241379
510.0,3283,1393.985846
500.0,3245,1395.717584
635.0,3208,1397.532325
770.0,4591,1400.038702
395.0,2893,1401.412593
410.0,2991,1402.874227
295.0,2931,1404.339292
475.0,3675,1406.199826
235.0,2431,1414.319121
520.0,4121,1416.554117
605.0,4354,1418.615262
335.0,3079,1420.142505
500.0,3849,1422.085473
400.0,2597,1423.539715
600.0,4121,1426.013943
640.0,3355,1427.593475
575.0,3963,1429.499844
200.0,1923,1430.451751
750.0,4277,1432.615114
395.0,3193,1434.274437
275.0,2107,1435.541205
410.0,3437,1437.455758
75.0,1179,1438.001758
570.0,3383,1439.620305
405.0,2241,1440.820478
355.0,2645,1442.170115
445.0,3269,1443.832147
345.0,3355,1445.583041
425.0,3322,1447.602594
450.0,2411,1448.904289
135.0,2067,1449.8922
320.0,2781,1451.217406
480.0,3193,1452.796747
510.0,3541,1454.716608
520.0,3481,1456.848954
1055.0,5475,1459.646423
1005.0,4223,1461.693038
425.0,2827,1463.088214
315.0,2476,1464.360952
450.0,3627,1470.552989
520.0,3893,1472.914363
490.0,3823,1474.710643
200.0,2237,1475.795937
385.0,3071,1477.308893
745.0,3668,1479.150035
600.0,4003,1481.191602
605.0,3455,1483.324855
310.0,2599,1484.56603
475.0,3433,1486.199527
370.0,2685,1487.539031
340.0,2439,1488.762757
235.0,2717,1490.14931
245.0,2327,1491.336766
370.0,2833,1493.069585
350.0,2481,1494.403116
215.0,2331,1495.498865
735.0,3343,1497.116016
495.0,3129,1498.671867
320.0,2993,1500.173303
355.0,3347,1501.889749
700.0,3951,1504.141726
300.0,2013,1505.327914
580.0,2753,1506.62261
505.0,3577,1508.340498
1040.0,6217,1511.41745
545.0,4845,1513.887761
545.0,4073,1516.224093
465.0,3441,1518.064127
195.0,2045,1519.024833
555.0,4743,1521.325631
435.0,3557,1528.544898
320.0,2975,1530.413632
260.0,2317,1531.492452
400.0,3709,1533.261184
870.0,5611,1536.169047
555.0,3301,1538.028291
115.0,1351,1538.821041
250.0,1961,1540.074748
515.0,3373,1541.79799
215.0,2573,1543.030797
675.0,3399,1544.671213
455.0,3145,1546.236393
375.0,2241,1547.38976
315.0,2795,1548.823974
655.0,3253,1550.681188
725.0,3531,1552.630532
345.0,3073,1554.088173
180.0,2037,1555.086173
595.0,3473,1556.824811
205.0,2533,1558.106935
390.0,3901,1560.10546
430.0,3359,1562.000652
715.0,3545,1564.033724
480.0,3985,1565.929511
370.0,2933,1567.377068
380.0,3035,1568.885729
575.0,4377,1571.089107
610.0,4185,1573.246826
495.0,3609,1575.432912
490.0,3803,1577.22812
400.0,3389,1578.870039
570.0,4203,1586.821257
725.0,3775,1589.080915
360.0,3325,1590.653451
590.0,2757,1591.99626
610.0,3075,1593.507971
570.0,3715,1595.346738
525.0,3721,1597.23781
580.0,4841,1600.030481
390.0,3005,1601.443522
575.0,4073,1603.393206
305.0,3069,1604.913262
380.0,3161,1606.514065
480.0,3121,1608.139369
205.0,1903,1609.362759
355.0,2156,1610.611991
470.0,3537,1612.269557
185.0,1965,1613.227812
610.0,4295,1615.335951
140.0,1869,1616.269951
570.0,3743,1618.176657
225.0,2453,1619.448291
365.0,2455,1621.075093
235.0,2389,1622.578532
495.0,2983,1624.011801
275.0,2273,1625.103272
695.0,3599,1626.851287
530.0,2415,1628.061435
515.0,3867,1630.026983
345.0,2643,1631.386407
450.0,3273,1633.568998
330.0,3143,1635.252141
225.0,2261,1636.336642
370.0,2600,1637.59775
325.0,2284,1638.739765
600.0,2967,1644.336077
630.0,3415,1646.245463
465.0,2481,1647.424843
110.0,1647,1648.223575
325.0,2775,1649.58019
295.0,2651,1650.901677
720.0,3265,1652.567788
270.0,2447,1653.831008
545.0,4079,1656.203131
360.0,3163,1657.795068
445.0,2974,1659.208624
600.0,4477,1661.452383
355.0,2823,1662.883105
460.0,3703,1664.777722
455.0,3063,1666.711684
525.0,3279,1668.386235
290.0,2301,1669.487086
380.0,2309,1670.607598
845.0,5675,1673.413703
725.0,3872,1675.384188
360.0,2976,1677.062176
550.0,3793,1679.18605
490.0,3681,1680.9227
440.0,3891,1682.820528
510.0,3787,1684.740682
355.0,3182,1686.383862
475.0,3093,1688.039879
775.0,4009,1690.792784
360.0,3425,1692.417247
600.0,4767,1694.861421
460.0,3787,1704.517171
445.0,3958,1706.707315
600.0,3293,1708.264392
800.0,4213,1710.304696
600.0,4345,1712.469256
630.0,4701,1714.861609
810.0,4529,1717.517256
1145.0,6465,1720.64273
600.0,3039,1722.134187
510.0,4247,1724.262649
770.0,5367,1727.239497
410.0,2937,1728.873004
350.0,3133,1730.360201
1000.0,4281,1732.425853
800.0,4039,1734.431086
485.0,3521,1736.22894
745.0,4235,1738.456
495.0,3831,1740.718446
500.0,3489,1742.353825
555.0,3183,1743.890229
185.0,1863,1744.810716
740.0,4572,1747.095233
525.0,4243,1749.263241
405.0,3243,1751.145199
375.0,3023,1752.848696
700.0,4815,1755.11375
140.0,1857,1763.736718
445.0,3055,1765.670645
660.0,4437,1767.907186
570.0,3941,1769.857149
555.0,5107,1772.39737
770.0,3531,1774.203051
710.0,5399,1777.277337
355.0,3275,1778.822819
395.0,3291,1780.430409
770.0,4925,1782.86644
605.0,3439,1784.621561
455.0,2873,1786.367104
1085.0,6167,1789.447755
505.0,3449,1791.119318
665.0,4215,1793.241962
775.0,5284,1795.951078
800.0,3433,1798.044761
325.0,2827,1799.369164
610.0,3553,1801.077873
235.0,2619,1802.36571
260.0,2253,1803.485108
445.0,2932,1804.96707
305.0,2529,1806.274364
895.0,4113,1809.032261
575.0,4511,1811.235245
655.0,3577,1813.010994
360.0,2572,1814.437357
445.0,3542,1823.852717
600.0,4345,1826.410499
440.0,3949,1828.282485
745.0,4081,1830.264495
570.0,3386,1831.958254
750.0,4691,1834.351745
1260.0,7969,1838.675515
600.0,4609,1840.905144
745.0,2956,1842.363185
670.0,2903,1843.841199
335.0,2395,1845.082156
380.0,3685,1847.196949
560.0,3357,1849.095284
800.0,4219,1851.082918
475.0,3365,1852.703773
615.0,3731,1854.56513
885.0,6065,1857.701749
575.0,3715,1859.962491
940.0,3457,1861.601017
365.0,2803,1862.958706
295.0,2681,1864.289276
500.0,3747,1866.183452
450.0,3457,1867.953711
830.0,3269,1869.814192
745.0,5595,1872.771567
460.0,3563,1874.49261
355.0,2797,1875.885104
280.0,2669,1883.776832
465.0,3601,1885.632436
400.0,3087,1887.110182
810.0,4797,1889.456307
420.0,3897,1891.423365
525.0,4185,1893.591491
445.0,3691,1895.809165
375.0,3073,1897.258964
750.0,3737,1899.064689
415.0,2357,1900.239802
555.0,2391,1901.45429
465.0,3701,1903.347838
450.0,3833,1905.660133
520.0,3567,1907.34832
415.0,3379,1908.986014
800.0,4213,1911.057843
665.0,3377,1912.757368
500.0,3601,1914.78966
655.0,3703,1916.828489
680.0,3073,1918.287994
725.0,3521,1919.990215
500.0,3829,1922.026618
505.0,4133,1924.158368
455.0,3887,1926.382782
890.0,5352,1929.177759
770.0,4113,1931.157956
755.0,4219,1933.350938
480.0,3417,1942.960271
990.0,6751,1946.494667
555.0,3254,1948.077333
1580.0,6939,1951.555698
710.0,4069,1953.691416
775.0,3961,1956.033595
575.0,3722,1957.759315
435.0,2721,1959.069135
450.0,3351,1960.711251
440.0,3417,1962.423307
465.0,3571,1964.287843
550.0,4483,1966.887678
695.0,5339,1969.408205
755.0,3784,1971.257566
500.0,3561,1973.168432
630.0,3851,1975.19552
685.0,4117,1977.860177
570.0,4154,1979.833516
805.0,4627,1982.061809
600.0,4339,1984.238079
570.0,2412,1985.483629
345.0,3279,1987.473943
495.0,3817,1989.704825
495.0,3943,1991.68211
600.0,4251,1994.076216
930.0,5738,2004.791515
605.0,4289,2006.900324
990.0,6203,2009.952339
800.0,5573,2012.790289
570.0,4103,2015.221319
775.0,3735,2016.961717
575.0,3449,2018.624384
390.0,2441,2019.812734
385.0,3077,2021.362754
735.0,5133,2024.002333
570.0,5037,2026.879873
170.0,1967,2027.805815
1020.0,5807,2030.647193
805.0,4675,2033.070826
585.0,4121,2035.348732
515.0,3985,2037.488434
470.0,4325,2039.633422
600.0,4747,2041.965592
355.0,2565,2043.253598
715.0,4751,2045.7436
470.0,3617,2047.887624
320.0,2509,2049.181129
680.0,3497,2050.904741
560.0,3695,2052.74018
540.0,4280,2061.686757
1030.0,5405,2064.823266
395.0,3183,2066.319729
490.0,3585,2068.109098
520.0,3463,2069.862947
685.0,3245,2071.506428
935.0,6601,2075.117837
1360.0,9211,2079.678584
605.0,4221,2081.840862
600.0,3917,2084.054169
575.0,4741,2086.518832
490.0,3213,2088.073793
265.0,2161,2089.12421
600.0,4205,2091.207761
600.0,4065,2093.263824
330.0,2476,2094.55718
875.0,6422,2098.094153
515.0,4321,2100.140168
525.0,4086,2102.166122
730.0,5635,2105.02777
945.0,3742,2107.192443
600.0,3897,2109.129302
95.0,1565,2109.871302
485.0,2999,2111.327377
515.0,3680,2113.145468
545.0,3199,2121.709261
600.0,4601,2124.05197
930.0,5209,2126.567149
455.0,3997,2128.538024
515.0,3912,2130.505432
695.0,3699,2132.438516
585.0,3794,2134.768355
350.0,2937,2136.15958
1175.0,6569,2139.36888
360.0,2503,2140.617826
545.0,4465,2142.899228
800.0,3951,2145.233854
600.0,3521,2146.936311
525.0,3609,2148.659612
270.0,2684,2149.990438
545.0,3785,2151.875383
420.0,3601,2153.750602
545.0,3393,2155.627153
570.0,3947,2157.656609
570.0,3986,2160.01426
770.0,4403,2162.087322
605.0,3294,2163.672021
455.0,2539,2164.925191
720.0,4593,2167.245776
600.0,3985,2169.452616
440.0,2867,2171.168035
